X,Y,track_fid,ele,time,speed
141.37058,43.04801,"0",74.6,2022/08/08 09:35:09,0.357
141.37058333,43.04801667,"0",72.5,2022/08/08 09:35:10,0.244
141.37058667,43.04802167,"0",71.2,2022/08/08 09:35:11,0.237
141.37059,43.04802667,"0",70.9,2022/08/08 09:35:12,0
141.37059,43.048035,"0",71.5,2022/08/08 09:35:13,0.305
141.37059167,43.04804167,"0",71.5,2022/08/08 09:35:14,0.282
141.37058333,43.04804833,"0",71.8,2022/08/08 09:35:15,0
141.37058333,43.04805,"0",71.8,2022/08/08 09:35:16,0
141.37058167,43.04804833,"0",71.9,2022/08/08 09:35:17,0
141.37057833,43.04804667,"0",72.2,2022/08/08 09:35:18,0
141.370575,43.048045,"0",72,2022/08/08 09:35:19,0
141.370595,43.04801667,"0",75.4,2022/08/08 09:35:20,0
141.37060833,43.047995,"0",77.6,2022/08/08 09:35:21,0.475
141.37061167,43.04799,"0",78.1,2022/08/08 09:35:22,0
141.37060833,43.047995,"0",78,2022/08/08 09:35:23,0
141.37060833,43.04799667,"0",77.9,2022/08/08 09:35:24,0
141.37060833,43.048,"0",77.9,2022/08/08 09:35:25,0
141.37060833,43.048005,"0",77.9,2022/08/08 09:35:26,0
141.37061167,43.04800667,"0",78,2022/08/08 09:35:27,0
141.37061333,43.04801,"0",77.8,2022/08/08 09:35:28,0
141.37061333,43.04800667,"0",77.6,2022/08/08 09:35:29,0
141.370615,43.048005,"0",77.3,2022/08/08 09:35:30,0
141.370615,43.048005,"0",77.3,2022/08/08 09:35:31,0
141.370615,43.048005,"0",77.3,2022/08/08 09:35:32,0
141.370615,43.048005,"0",77.3,2022/08/08 09:35:33,0
141.370615,43.048005,"0",77.3,2022/08/08 09:35:34,0
141.370615,43.048005,"0",77.3,2022/08/08 09:35:35,0
141.370615,43.048005,"0",77.3,2022/08/08 09:35:36,0
141.37061,43.04799833,"0",77.5,2022/08/08 09:35:37,0.478
141.3706,43.04799,"0",77.8,2022/08/08 09:35:38,0.575
141.37058,43.04798833,"0",78.2,2022/08/08 09:35:39,0.8
141.37056833,43.04798167,"0",78.6,2022/08/08 09:35:40,0
141.370595,43.04797167,"0",78.9,2022/08/08 09:35:41,1.062
141.37064,43.047965,"0",79.2,2022/08/08 09:35:42,1.372
141.370695,43.04796167,"0",79.3,2022/08/08 09:35:43,1.797
141.370755,43.04796,"0",79.3,2022/08/08 09:35:44,4.624
141.370815,43.04796167,"0",79.2,2022/08/08 09:35:45,4.685
141.37087167,43.04796333,"0",79.1,2022/08/08 09:35:46,4.368
141.37092,43.047935,"0",78.1,2022/08/08 09:35:47,3.781
141.37097,43.04788,"0",75.7,2022/08/08 09:35:48,3.823
141.37102,43.04788167,"0",75.7,2022/08/08 09:35:49,3.515
141.37106,43.04788167,"0",75.8,2022/08/08 09:35:50,2.878
141.37109333,43.047885,"0",75.9,2022/08/08 09:35:51,2.511
141.37112167,43.04789333,"0",75.9,2022/08/08 09:35:52,2.284
141.37118167,43.04791333,"0",73.6,2022/08/08 09:35:53,2.088
141.37120333,43.04792167,"0",73.3,2022/08/08 09:35:54,1.69
141.37122167,43.047935,"0",73.1,2022/08/08 09:35:55,3.145
141.37124333,43.04795,"0",72.8,2022/08/08 09:35:56,2.926
141.371265,43.047965,"0",72.6,2022/08/08 09:35:57,2.739
141.37128667,43.04798333,"0",72.3,2022/08/08 09:35:58,2.661
141.37131,43.04800333,"0",72.1,2022/08/08 09:35:59,2.585
141.371335,43.04802167,"0",71.9,2022/08/08 09:36:00,2.567
141.37134667,43.04805,"0",71.8,2022/08/08 09:36:01,2.613
141.37134667,43.04808,"0",71.9,2022/08/08 09:36:02,2.697
141.37132833,43.04812667,"0",70.4,2022/08/08 09:36:03,2.821
141.37133167,43.04816833,"0",69.3,2022/08/08 09:36:04,3.028
141.37133833,43.04819833,"0",68.9,2022/08/08 09:36:05,3.183
141.37133,43.04824167,"0",66,2022/08/08 09:36:06,3.154
141.371315,43.04826333,"0",63.1,2022/08/08 09:36:07,2.956
141.37130333,43.048275,"0",61.1,2022/08/08 09:36:08,2.541
141.37129833,43.04828833,"0",60,2022/08/08 09:36:09,2.283
141.37128167,43.04830667,"0",58,2022/08/08 09:36:10,2.026
141.37128167,43.04830833,"0",57,2022/08/08 09:36:11,1.709
141.37127333,43.04831167,"0",55.4,2022/08/08 09:36:12,1.365
141.37127333,43.04831,"0",54.1,2022/08/08 09:36:13,1.043
141.371275,43.04831333,"0",55.3,2022/08/08 09:36:14,0.837
141.371275,43.04831333,"0",54.8,2022/08/08 09:36:15,0.634
141.371275,43.04831333,"0",55,2022/08/08 09:36:16,0.504
141.371275,43.04831333,"0",54.9,2022/08/08 09:36:17,0
141.371275,43.04831333,"0",55,2022/08/08 09:36:18,0
141.371275,43.04831333,"0",54.9,2022/08/08 09:36:19,0
141.371275,43.04831333,"0",54.9,2022/08/08 09:36:20,0
141.371275,43.04831333,"0",54.9,2022/08/08 09:36:21,0
141.371275,43.04831333,"0",54.9,2022/08/08 09:36:22,0
141.371275,43.04831333,"0",54.9,2022/08/08 09:36:23,0
141.371275,43.04831333,"0",54.9,2022/08/08 09:36:24,0
141.371275,43.04831333,"0",54.9,2022/08/08 09:36:25,0
141.371275,43.04831333,"0",54.9,2022/08/08 09:36:26,0
141.371275,43.04831333,"0",54.9,2022/08/08 09:36:27,0
141.371275,43.04831333,"0",54.9,2022/08/08 09:36:28,0
141.371275,43.04831333,"0",54.9,2022/08/08 09:36:29,0
141.371275,43.04831333,"0",54.9,2022/08/08 09:36:30,0
141.371275,43.04831333,"0",54.9,2022/08/08 09:36:31,0
141.371275,43.04831333,"0",54.9,2022/08/08 09:36:32,0
141.371275,43.04831333,"0",54.9,2022/08/08 09:36:33,0
141.371275,43.04831333,"0",54.9,2022/08/08 09:36:34,0
141.371275,43.04831333,"0",54.9,2022/08/08 09:36:35,0
141.371275,43.04831333,"0",54.9,2022/08/08 09:36:36,0
141.371275,43.04831333,"0",54.9,2022/08/08 09:36:37,0
141.371275,43.04831333,"0",54.9,2022/08/08 09:36:38,0
141.371275,43.04831333,"0",54.9,2022/08/08 09:36:39,0
141.371275,43.04831333,"0",54.9,2022/08/08 09:36:40,0
141.371275,43.04831333,"0",54.9,2022/08/08 09:36:41,0
141.371275,43.04831333,"0",54.9,2022/08/08 09:36:42,0
141.371275,43.04831333,"0",54.9,2022/08/08 09:36:43,0
141.371275,43.04831333,"0",54.9,2022/08/08 09:36:44,0
141.371275,43.04831333,"0",54.9,2022/08/08 09:36:45,0
141.371275,43.04831333,"0",54.9,2022/08/08 09:36:46,0
141.371275,43.04831333,"0",54.9,2022/08/08 09:36:47,0
141.371275,43.04831333,"0",54.9,2022/08/08 09:36:48,0
141.371275,43.04831333,"0",54.9,2022/08/08 09:36:49,0
141.371275,43.04831333,"0",54.9,2022/08/08 09:36:50,0
141.371275,43.04831333,"0",54.9,2022/08/08 09:36:51,0
141.371275,43.04831333,"0",54.9,2022/08/08 09:36:52,0
141.371275,43.04831333,"0",54.9,2022/08/08 09:36:53,0
141.371275,43.04831333,"0",54.9,2022/08/08 09:36:54,0
141.371275,43.04831333,"0",54.9,2022/08/08 09:36:55,0
141.371275,43.04831333,"0",54.9,2022/08/08 09:36:56,0
141.371275,43.04831333,"0",54.9,2022/08/08 09:36:57,0
141.371275,43.04831333,"0",54.9,2022/08/08 09:36:58,0
141.371275,43.04831333,"0",54.9,2022/08/08 09:36:59,0
141.371275,43.04831333,"0",54.9,2022/08/08 09:37:00,0
141.371275,43.04831333,"0",54.9,2022/08/08 09:37:01,0
141.371275,43.04831333,"0",54.9,2022/08/08 09:37:02,0
141.371275,43.04831333,"0",54.9,2022/08/08 09:37:03,0
141.371275,43.04831333,"0",54.9,2022/08/08 09:37:04,0
141.371275,43.04831333,"0",54.9,2022/08/08 09:37:05,0
141.371275,43.04831333,"0",54.9,2022/08/08 09:37:06,0
141.371275,43.04831333,"0",54.9,2022/08/08 09:37:07,0
141.371275,43.04831333,"0",54.9,2022/08/08 09:37:08,0
141.371275,43.04831333,"0",54.9,2022/08/08 09:37:09,0
141.371275,43.04831333,"0",54.9,2022/08/08 09:37:10,0
141.371275,43.04831333,"0",54.9,2022/08/08 09:37:11,0
141.371275,43.04831333,"0",54.9,2022/08/08 09:37:12,0
141.371275,43.04831333,"0",54.9,2022/08/08 09:37:13,0
141.371275,43.04831333,"0",54.9,2022/08/08 09:37:14,0
141.371275,43.04831333,"0",54.9,2022/08/08 09:37:15,0
141.371275,43.04831333,"0",54.9,2022/08/08 09:37:16,0
141.371275,43.04831333,"0",54.9,2022/08/08 09:37:17,0
141.371275,43.04831333,"0",54.9,2022/08/08 09:37:18,0
141.371275,43.04831333,"0",54.9,2022/08/08 09:37:19,0
141.371275,43.04831333,"0",54.9,2022/08/08 09:37:20,0
141.371275,43.04831333,"0",54.9,2022/08/08 09:37:21,0
141.371275,43.04831333,"0",54.9,2022/08/08 09:37:22,0
141.371275,43.04831333,"0",54.9,2022/08/08 09:37:23,0
141.371275,43.04831333,"0",54.9,2022/08/08 09:37:24,0
141.37123,43.04831,"0",54.1,2022/08/08 09:37:25,0.226
141.37123833,43.04834667,"0",54.2,2022/08/08 09:37:26,0.522
141.37124,43.04838167,"0",54.2,2022/08/08 09:37:27,4.172
141.37123833,43.04843333,"0",54.1,2022/08/08 09:37:28,5.166
141.37124167,43.04848333,"0",54.2,2022/08/08 09:37:29,5.445
141.37125167,43.04853167,"0",54.3,2022/08/08 09:37:30,5.251
141.37126167,43.04857667,"0",54.4,2022/08/08 09:37:31,5.068
141.371275,43.04862333,"0",54.5,2022/08/08 09:37:32,5.253
141.371285,43.04867,"0",54.6,2022/08/08 09:37:33,5.212
141.37129333,43.04872,"0",54.7,2022/08/08 09:37:34,5.42
141.37129667,43.04877167,"0",55,2022/08/08 09:37:35,5.48
141.37130667,43.04881833,"0",55.2,2022/08/08 09:37:36,5.286
141.37131667,43.04887333,"0",55.4,2022/08/08 09:37:37,5.333
141.371325,43.048925,"0",55.7,2022/08/08 09:37:38,5.334
141.371335,43.04897833,"0",55.8,2022/08/08 09:37:39,5.379
141.37134667,43.04903333,"0",55.7,2022/08/08 09:37:40,5.441
141.37135667,43.04908167,"0",55.8,2022/08/08 09:37:41,5.462
141.37134833,43.049135,"0",55.9,2022/08/08 09:37:42,5.506
141.37134,43.04918333,"0",56,2022/08/08 09:37:43,5.482
141.37133833,43.04922333,"0",56,2022/08/08 09:37:44,5.347
141.37133833,43.049255,"0",56,2022/08/08 09:37:45,5.153
141.37133833,43.049275,"0",55.7,2022/08/08 09:37:46,1.677
141.371335,43.04928167,"0",55.5,2022/08/08 09:37:47,0.863
141.37134167,43.04930833,"0",53,2022/08/08 09:37:48,0.616
141.37133667,43.04931167,"0",52.5,2022/08/08 09:37:49,0
141.37135833,43.04932,"0",52.4,2022/08/08 09:37:50,0
141.37135833,43.049325,"0",52.4,2022/08/08 09:37:51,0
141.37135833,43.049325,"0",52.4,2022/08/08 09:37:52,0
141.37136167,43.04933833,"0",51.4,2022/08/08 09:37:53,0
141.37136167,43.049345,"0",50.8,2022/08/08 09:37:54,0.457
141.37135833,43.04935333,"0",50.6,2022/08/08 09:37:55,0
141.37136,43.04935,"0",50.8,2022/08/08 09:37:56,0
141.37135833,43.049355,"0",50.6,2022/08/08 09:37:57,0
141.37136,43.04935333,"0",50.7,2022/08/08 09:37:58,0
141.37135833,43.049355,"0",50.7,2022/08/08 09:37:59,0
141.37135667,43.04936,"0",50.7,2022/08/08 09:38:00,0
141.37135667,43.04936,"0",50.7,2022/08/08 09:38:01,0
141.37135667,43.04936,"0",50.7,2022/08/08 09:38:02,0
141.37134833,43.04938667,"0",50.6,2022/08/08 09:38:03,0.391
141.37135167,43.0494,"0",50.6,2022/08/08 09:38:04,0.415
141.37134667,43.04940667,"0",50.5,2022/08/08 09:38:05,0.412
141.37134333,43.04941167,"0",50.5,2022/08/08 09:38:06,0.423
141.37134,43.04941333,"0",50.5,2022/08/08 09:38:07,0
141.37134,43.04941667,"0",50.4,2022/08/08 09:38:08,0.437
141.37133833,43.04941667,"0",50.2,2022/08/08 09:38:09,0.417
141.37134167,43.04942,"0",50.1,2022/08/08 09:38:10,0
141.37134833,43.049425,"0",49.9,2022/08/08 09:38:11,0
141.37134333,43.04942167,"0",50,2022/08/08 09:38:12,0
141.37134333,43.04942167,"0",50,2022/08/08 09:38:13,0
141.37134333,43.04942167,"0",50,2022/08/08 09:38:14,0
141.37134333,43.04942167,"0",50,2022/08/08 09:38:15,0
141.37134333,43.04942167,"0",50,2022/08/08 09:38:16,0
141.37134333,43.04942167,"0",50,2022/08/08 09:38:17,0
141.37134333,43.04942167,"0",50,2022/08/08 09:38:18,0
141.37134333,43.04942167,"0",50,2022/08/08 09:38:19,0
141.37134333,43.04942167,"0",50,2022/08/08 09:38:20,0
141.37134333,43.04942167,"0",50,2022/08/08 09:38:21,0
141.37134333,43.04942167,"0",50,2022/08/08 09:38:22,0
141.37134333,43.04942167,"0",50,2022/08/08 09:38:23,0
141.37134333,43.04942167,"0",50,2022/08/08 09:38:24,0
141.37134333,43.04942167,"0",50,2022/08/08 09:38:25,0
141.37134333,43.04942167,"0",50,2022/08/08 09:38:26,0
141.37134333,43.04942167,"0",50,2022/08/08 09:38:27,0
141.37134333,43.04942167,"0",50,2022/08/08 09:38:28,0
141.37134333,43.04942167,"0",50,2022/08/08 09:38:29,0
141.371305,43.04942167,"0",48.3,2022/08/08 09:38:30,0.449
141.37130333,43.049435,"0",48.1,2022/08/08 09:38:31,0.562
141.37131167,43.04945333,"0",47.9,2022/08/08 09:38:32,0.731
141.37132833,43.04947333,"0",47.7,2022/08/08 09:38:33,0.917
141.371345,43.04949333,"0",47.5,2022/08/08 09:38:34,1.109
141.371345,43.049535,"0",47.4,2022/08/08 09:38:35,0
141.37134167,43.049575,"0",47.4,2022/08/08 09:38:36,1.77
141.37135,43.04961,"0",47.3,2022/08/08 09:38:37,2.131
141.37135667,43.04964833,"0",47.2,2022/08/08 09:38:38,2.521
141.37136333,43.04968833,"0",46.9,2022/08/08 09:38:39,2.911
141.37136667,43.04973,"0",46.7,2022/08/08 09:38:40,3.25
141.37137167,43.049775,"0",46.4,2022/08/08 09:38:41,3.589
141.37137333,43.04981667,"0",46.3,2022/08/08 09:38:42,3.835
141.37138,43.04986,"0",46.1,2022/08/08 09:38:43,4.08
141.37139167,43.0499,"0",45.9,2022/08/08 09:38:44,4.297
141.37140167,43.04994167,"0",45.8,2022/08/08 09:38:45,4.383
141.37141667,43.04997333,"0",46,2022/08/08 09:38:46,4.388
141.37142833,43.050015,"0",46,2022/08/08 09:38:47,4.459
141.37144,43.05006,"0",46.1,2022/08/08 09:38:48,4.543
141.37144833,43.05010833,"0",46.2,2022/08/08 09:38:49,4.608
141.371455,43.05015167,"0",46.1,2022/08/08 09:38:50,4.597
141.37145667,43.050195,"0",46.4,2022/08/08 09:38:51,4.577
141.37146167,43.05024,"0",46.4,2022/08/08 09:38:52,4.614
141.37147,43.05028667,"0",46.4,2022/08/08 09:38:53,4.641
141.37148,43.05033167,"0",47,2022/08/08 09:38:54,4.708
141.37149,43.05037667,"0",47.4,2022/08/08 09:38:55,4.758
141.37149833,43.05042,"0",47.6,2022/08/08 09:38:56,4.851
141.3715,43.050465,"0",47.9,2022/08/08 09:38:57,4.847
141.3715,43.050505,"0",48.1,2022/08/08 09:38:58,4.782
141.37150333,43.05055,"0",47.7,2022/08/08 09:38:59,4.71
141.37150167,43.050595,"0",47.2,2022/08/08 09:39:00,4.715
141.37151,43.05062,"0",46.6,2022/08/08 09:39:01,4.472
141.37152167,43.050645,"0",46.2,2022/08/08 09:39:02,4.185
141.37152333,43.05069667,"0",45.1,2022/08/08 09:39:03,4.046
141.37152833,43.05074667,"0",43.5,2022/08/08 09:39:04,3.935
141.37154,43.05079667,"0",43.2,2022/08/08 09:39:05,3.92
141.37155,43.050845,"0",43.2,2022/08/08 09:39:06,3.949
141.37155667,43.05089167,"0",43.3,2022/08/08 09:39:07,3.955
141.37156,43.05093333,"0",43.5,2022/08/08 09:39:08,3.92
141.37156667,43.05097667,"0",43.3,2022/08/08 09:39:09,3.847
141.37157,43.05101167,"0",43.3,2022/08/08 09:39:10,3.714
141.37157333,43.051045,"0",43.3,2022/08/08 09:39:11,3.796
141.37156833,43.05107667,"0",43,2022/08/08 09:39:12,3.895
141.37155667,43.05110333,"0",42.6,2022/08/08 09:39:13,3.805
141.371535,43.05112667,"0",42.2,2022/08/08 09:39:14,3.708
141.37151,43.05116,"0",40.5,2022/08/08 09:39:15,3.565
141.37147667,43.051185,"0",40.1,2022/08/08 09:39:16,3.446
141.37143833,43.05120667,"0",40,2022/08/08 09:39:17,3.343
141.37140667,43.05122833,"0",40,2022/08/08 09:39:18,3.279
141.37138,43.05124167,"0",40.5,2022/08/08 09:39:19,3.216
141.37135167,43.05125833,"0",40.4,2022/08/08 09:39:20,3.188
141.37132833,43.05128667,"0",38.6,2022/08/08 09:39:21,3.144
141.37131,43.05130833,"0",37.9,2022/08/08 09:39:22,3.069
141.37129333,43.05133,"0",37.1,2022/08/08 09:39:23,3.002
141.37127833,43.05134833,"0",36.3,2022/08/08 09:39:24,2.88
141.37126,43.05136667,"0",35.8,2022/08/08 09:39:25,2.742
141.37123667,43.051385,"0",35.7,2022/08/08 09:39:26,2.606
141.37120833,43.05139167,"0",36.2,2022/08/08 09:39:27,2.479
141.37118,43.05139333,"0",36.3,2022/08/08 09:39:28,2.348
141.37115167,43.05139667,"0",36.3,2022/08/08 09:39:29,2.3
141.37112333,43.05139833,"0",36.4,2022/08/08 09:39:30,2.225
141.37109333,43.051395,"0",37.3,2022/08/08 09:39:31,2.198
141.37106833,43.05138833,"0",37.7,2022/08/08 09:39:32,2.223
141.37104167,43.05138167,"0",38.2,2022/08/08 09:39:33,2.244
141.37101167,43.05137167,"0",38.2,2022/08/08 09:39:34,2.326
141.37098167,43.05136,"0",38.4,2022/08/08 09:39:35,2.441
141.37094667,43.05135,"0",38.2,2022/08/08 09:39:36,2.541
141.37091333,43.05133,"0",38.2,2022/08/08 09:39:37,2.663
141.37087833,43.05130833,"0",38.5,2022/08/08 09:39:38,2.864
141.37084333,43.05128833,"0",38.7,2022/08/08 09:39:39,2.989
141.37081167,43.05126833,"0",39,2022/08/08 09:39:40,3.146
141.37077667,43.05125,"0",39.3,2022/08/08 09:39:41,3.313
141.370745,43.051225,"0",39.6,2022/08/08 09:39:42,3.462
141.37071833,43.0512,"0",40,2022/08/08 09:39:43,3.632
141.37069,43.05117167,"0",40,2022/08/08 09:39:44,3.775
141.370665,43.05114333,"0",40.3,2022/08/08 09:39:45,3.825
141.37063667,43.05111833,"0",40.5,2022/08/08 09:39:46,3.864
141.37059833,43.05109,"0",40.6,2022/08/08 09:39:47,3.941
141.37056167,43.051065,"0",41.1,2022/08/08 09:39:48,3.948
141.37052167,43.05103667,"0",41.1,2022/08/08 09:39:49,4.021
141.370485,43.05101,"0",41.5,2022/08/08 09:39:50,4.059
141.37045,43.05098167,"0",42.1,2022/08/08 09:39:51,4.106
141.370415,43.05095667,"0",42.6,2022/08/08 09:39:52,4.119
141.37037667,43.050925,"0",42.6,2022/08/08 09:39:53,4.203
141.37033833,43.0509,"0",43.2,2022/08/08 09:39:54,4.188
141.37030333,43.050875,"0",44.1,2022/08/08 09:39:55,4.257
141.370265,43.05085167,"0",44.7,2022/08/08 09:39:56,4.298
141.37023333,43.050825,"0",45,2022/08/08 09:39:57,4.277
141.37020667,43.05079333,"0",45.9,2022/08/08 09:39:58,4.296
141.37017667,43.05076167,"0",45.8,2022/08/08 09:39:59,4.257
141.37014667,43.05073167,"0",45.6,2022/08/08 09:40:00,4.249
141.37011167,43.050705,"0",45.6,2022/08/08 09:40:01,4.231
141.370075,43.050685,"0",46.7,2022/08/08 09:40:02,4.204
141.37004,43.05066167,"0",47.3,2022/08/08 09:40:03,4.117
141.370005,43.05063833,"0",47.7,2022/08/08 09:40:04,4.104
141.36997,43.05061667,"0",48.2,2022/08/08 09:40:05,4.059
141.36994,43.050595,"0",48.8,2022/08/08 09:40:06,3.985
141.369925,43.05054833,"0",47.9,2022/08/08 09:40:07,3.931
141.36992167,43.05050667,"0",47.3,2022/08/08 09:40:08,3.889
141.36992333,43.05046667,"0",47,2022/08/08 09:40:09,3.867
141.36993333,43.05043333,"0",46.8,2022/08/08 09:40:10,3.804
141.36994667,43.050405,"0",46.7,2022/08/08 09:40:11,3.692
141.36996333,43.05037833,"0",46.7,2022/08/08 09:40:12,3.611
141.36998,43.05035333,"0",46.5,2022/08/08 09:40:13,3.465
141.370005,43.05033667,"0",46.6,2022/08/08 09:40:14,3.308
141.37001667,43.050315,"0",44.6,2022/08/08 09:40:15,3.149
141.37002667,43.05029167,"0",42.7,2022/08/08 09:40:16,3.083
141.37005333,43.05027333,"0",41.1,2022/08/08 09:40:17,3.02
141.37008333,43.05025833,"0",39.7,2022/08/08 09:40:18,2.899
141.37010333,43.05023333,"0",38.6,2022/08/08 09:40:19,2.854
141.37013,43.05021333,"0",38.2,2022/08/08 09:40:20,2.827
141.37015667,43.050195,"0",38.4,2022/08/08 09:40:21,2.811
141.37018333,43.05017667,"0",38.7,2022/08/08 09:40:22,2.814
141.37021167,43.05015833,"0",39.1,2022/08/08 09:40:23,2.906
141.37023833,43.05013833,"0",39.5,2022/08/08 09:40:24,2.995
141.37026333,43.05011833,"0",39.9,2022/08/08 09:40:25,3.061
141.37028667,43.05010167,"0",40.3,2022/08/08 09:40:26,3.044
141.37031833,43.05009833,"0",40.8,2022/08/08 09:40:27,2.942
141.37033833,43.05009333,"0",41.4,2022/08/08 09:40:28,2.811
141.370355,43.05009,"0",41.7,2022/08/08 09:40:29,2.585
141.37037333,43.05008833,"0",42.2,2022/08/08 09:40:30,2.367
141.37039167,43.050085,"0",42.6,2022/08/08 09:40:31,2.184
141.37041,43.05007667,"0",43.2,2022/08/08 09:40:32,2.009
141.37043167,43.05007167,"0",43.7,2022/08/08 09:40:33,1.841
141.37045167,43.050065,"0",44.1,2022/08/08 09:40:34,1.67
141.37047,43.050055,"0",44.6,2022/08/08 09:40:35,1.53
141.370485,43.05004833,"0",45,2022/08/08 09:40:36,1.405
141.37050167,43.05004,"0",45.3,2022/08/08 09:40:37,1.377
141.37053,43.050035,"0",45.7,2022/08/08 09:40:38,1.435
141.37056167,43.05003,"0",46.2,2022/08/08 09:40:39,1.535
141.37058167,43.05002,"0",46.6,2022/08/08 09:40:40,1.668
141.37059833,43.05000833,"0",47.2,2022/08/08 09:40:41,1.701
141.37061,43.05,"0",47.6,2022/08/08 09:40:42,1.697
141.37062,43.04999,"0",47.9,2022/08/08 09:40:43,1.654
141.37062833,43.04998167,"0",48.3,2022/08/08 09:40:44,1.587
141.37063167,43.04997167,"0",48.8,2022/08/08 09:40:45,1.559
141.37063,43.04995167,"0",49.3,2022/08/08 09:40:46,1.542
141.37063667,43.04993167,"0",49.1,2022/08/08 09:40:47,1.511
141.37064667,43.04991667,"0",49,2022/08/08 09:40:48,1.452
141.37065833,43.0499,"0",48.7,2022/08/08 09:40:49,1.357
141.37067333,43.04989333,"0",48.7,2022/08/08 09:40:50,1.244
141.37068833,43.04988,"0",48.3,2022/08/08 09:40:51,1.199
141.370705,43.04986833,"0",47.8,2022/08/08 09:40:52,1.103
141.37071333,43.04986167,"0",47.3,2022/08/08 09:40:53,1.028
141.37071667,43.04985,"0",46.8,2022/08/08 09:40:54,1.013
141.37075,43.04984,"0",45.4,2022/08/08 09:40:55,0.975
141.37077667,43.04984,"0",44.7,2022/08/08 09:40:56,0.913
141.37078667,43.04983667,"0",44.4,2022/08/08 09:40:57,0.821
141.37077333,43.04982333,"0",43.9,2022/08/08 09:40:58,0.753
141.37076333,43.04980667,"0",43.5,2022/08/08 09:40:59,0.794
141.37075167,43.04978167,"0",43.3,2022/08/08 09:41:00,0.899
141.370735,43.04975667,"0",43,2022/08/08 09:41:01,1.042
141.370715,43.04972333,"0",42.7,2022/08/08 09:41:02,1.293
141.370695,43.04969833,"0",43,2022/08/08 09:41:03,1.557
141.37067167,43.049675,"0",43.4,2022/08/08 09:41:04,1.823
141.370645,43.04965167,"0",43.8,2022/08/08 09:41:05,2.057
141.37061833,43.04963333,"0",44.1,2022/08/08 09:41:06,2.28
141.370595,43.04962,"0",44.1,2022/08/08 09:41:07,2.445
141.370575,43.04961167,"0",45.2,2022/08/08 09:41:08,2.572
141.37055167,43.049595,"0",45.5,2022/08/08 09:41:09,2.611
141.37052833,43.049585,"0",45.2,2022/08/08 09:41:10,2.568
141.37050833,43.04958667,"0",44.7,2022/08/08 09:41:11,2.492
141.37048333,43.049585,"0",44.4,2022/08/08 09:41:12,2.412
141.370465,43.04959,"0",44,2022/08/08 09:41:13,2.322
141.37044333,43.04959,"0",43.9,2022/08/08 09:41:14,2.258
141.37041833,43.04959833,"0",44,2022/08/08 09:41:15,2.148
141.37039833,43.04961,"0",43.9,2022/08/08 09:41:16,2.036
141.37037667,43.049615,"0",43.9,2022/08/08 09:41:17,2.036
141.37035667,43.04962167,"0",43.9,2022/08/08 09:41:18,2.007
141.37033833,43.04963,"0",44,2022/08/08 09:41:19,1.999
141.37032,43.04964167,"0",43.6,2022/08/08 09:41:20,2.016
141.37030333,43.049655,"0",43.1,2022/08/08 09:41:21,2.033
141.37028333,43.04967,"0",42.9,2022/08/08 09:41:22,2.035
141.37026,43.04968667,"0",42.3,2022/08/08 09:41:23,2.06
141.370235,43.04970333,"0",41.7,2022/08/08 09:41:24,2.046
141.37021,43.04971667,"0",41.1,2022/08/08 09:41:25,2.04
141.370185,43.04972667,"0",40.6,2022/08/08 09:41:26,2.055
141.37016,43.049735,"0",40.2,2022/08/08 09:41:27,2.035
141.37013167,43.04975167,"0",39.8,2022/08/08 09:41:28,2.085
141.37010833,43.04976333,"0",39.7,2022/08/08 09:41:29,2.108
141.37008333,43.049775,"0",39.3,2022/08/08 09:41:30,2.125
141.37005833,43.04978667,"0",39,2022/08/08 09:41:31,2.17
141.37003167,43.0498,"0",38.6,2022/08/08 09:41:32,2.17
141.37000667,43.04981167,"0",38.2,2022/08/08 09:41:33,2.142
141.36998167,43.04982833,"0",38,2022/08/08 09:41:34,2.155
141.36995333,43.04984333,"0",37.9,2022/08/08 09:41:35,2.222
141.36992667,43.04985833,"0",37.6,2022/08/08 09:41:36,2.294
141.3699,43.04987167,"0",37.2,2022/08/08 09:41:37,2.35
141.36987333,43.04989333,"0",37,2022/08/08 09:41:38,2.409
141.36984667,43.04991333,"0",36.3,2022/08/08 09:41:39,2.474
141.36982,43.04992833,"0",35.7,2022/08/08 09:41:40,2.543
141.36979167,43.04994,"0",35.3,2022/08/08 09:41:41,2.577
141.36976667,43.04995667,"0",34.4,2022/08/08 09:41:42,2.639
141.36974,43.04997,"0",33.2,2022/08/08 09:41:43,2.702
141.36971333,43.04998667,"0",32.7,2022/08/08 09:41:44,2.744
141.36968167,43.050005,"0",32.1,2022/08/08 09:41:45,2.798
141.36965167,43.05002167,"0",32.3,2022/08/08 09:41:46,2.852
141.36962333,43.05003833,"0",32.4,2022/08/08 09:41:47,2.898
141.36959667,43.05005167,"0",32.3,2022/08/08 09:41:48,2.865
141.36957167,43.050065,"0",31.8,2022/08/08 09:41:49,2.826
141.36955333,43.050075,"0",31.5,2022/08/08 09:41:50,2.751
141.36953,43.05008,"0",31,2022/08/08 09:41:51,2.696
141.36950833,43.05007333,"0",31.2,2022/08/08 09:41:52,2.62
141.36949167,43.05006333,"0",31.4,2022/08/08 09:41:53,2.524
141.36947667,43.05005167,"0",31.6,2022/08/08 09:41:54,2.425
141.36945167,43.05003667,"0",31.6,2022/08/08 09:41:55,2.314
141.369425,43.05002333,"0",32.1,2022/08/08 09:41:56,2.24
141.36940167,43.05000833,"0",32.4,2022/08/08 09:41:57,2.168
141.36938167,43.04999833,"0",32.6,2022/08/08 09:41:58,2.141
141.36936,43.04999167,"0",32.9,2022/08/08 09:41:59,2.1
141.36933833,43.04998333,"0",33.5,2022/08/08 09:42:00,2.075
141.369315,43.049975,"0",34,2022/08/08 09:42:01,2.079
141.36929167,43.04996,"0",34.5,2022/08/08 09:42:02,2.132
141.36927,43.04994,"0",35.1,2022/08/08 09:42:03,2.244
141.36925833,43.04991,"0",34.8,2022/08/08 09:42:04,2.339
141.36923333,43.04988,"0",35.2,2022/08/08 09:42:05,2.427
141.36921167,43.04985,"0",35.1,2022/08/08 09:42:06,2.478
141.36919,43.04983,"0",35.1,2022/08/08 09:42:07,2.522
141.36915667,43.04981167,"0",34.8,2022/08/08 09:42:08,2.562
141.36913,43.0498,"0",34.5,2022/08/08 09:42:09,2.66
141.36909667,43.04978333,"0",34,2022/08/08 09:42:10,2.74
141.369075,43.04977,"0",34.2,2022/08/08 09:42:11,2.773
141.36905667,43.04975333,"0",34.6,2022/08/08 09:42:12,2.756
141.369035,43.04974,"0",35.3,2022/08/08 09:42:13,2.701
141.369005,43.04972667,"0",35.8,2022/08/08 09:42:14,2.677
141.36898333,43.04968,"0",34.1,2022/08/08 09:42:15,2.67
141.36896333,43.04964,"0",33,2022/08/08 09:42:16,2.729
141.368935,43.04961167,"0",32.9,2022/08/08 09:42:17,2.847
141.36890833,43.04959,"0",33.3,2022/08/08 09:42:18,2.922
141.36888333,43.04957167,"0",33.6,2022/08/08 09:42:19,2.922
141.368865,43.04955667,"0",34.4,2022/08/08 09:42:20,2.877
141.36883167,43.04954167,"0",34.9,2022/08/08 09:42:21,2.834
141.36880833,43.04952833,"0",35.5,2022/08/08 09:42:22,2.794
141.36877833,43.049515,"0",36,2022/08/08 09:42:23,2.76
141.36876167,43.04950167,"0",36.8,2022/08/08 09:42:24,2.679
141.36875833,43.04948667,"0",37.7,2022/08/08 09:42:25,2.566
141.36876,43.04946667,"0",38.7,2022/08/08 09:42:26,2.425
141.36876,43.04941667,"0",37.1,2022/08/08 09:42:27,2.298
141.36875333,43.049365,"0",35.4,2022/08/08 09:42:28,2.254
141.36875167,43.04933,"0",34.9,2022/08/08 09:42:29,2.236
141.36874833,43.04930333,"0",34.9,2022/08/08 09:42:30,2.272
141.36874833,43.04927667,"0",35,2022/08/08 09:42:31,2.378
141.36875167,43.04924167,"0",34.9,2022/08/08 09:42:32,2.521
141.36876,43.04921333,"0",35.4,2022/08/08 09:42:33,2.637
141.368765,43.04918167,"0",35.8,2022/08/08 09:42:34,2.787
141.36877333,43.04914833,"0",35.8,2022/08/08 09:42:35,2.96
141.36878667,43.049115,"0",36.1,2022/08/08 09:42:36,3.136
141.368785,43.04907333,"0",36,2022/08/08 09:42:37,3.256
141.36879,43.049035,"0",35.9,2022/08/08 09:42:38,3.343
141.36879833,43.04899833,"0",35.7,2022/08/08 09:42:39,3.442
141.36881167,43.04895833,"0",35.3,2022/08/08 09:42:40,3.613
141.36882667,43.04892167,"0",35.3,2022/08/08 09:42:41,3.701
141.368835,43.04888667,"0",35.4,2022/08/08 09:42:42,3.761
141.36884333,43.04885167,"0",35.5,2022/08/08 09:42:43,3.824
141.36885167,43.04881333,"0",35.8,2022/08/08 09:42:44,3.883
141.368855,43.04878,"0",36.1,2022/08/08 09:42:45,3.889
141.36886333,43.04874167,"0",37.2,2022/08/08 09:42:46,3.909
141.36887167,43.04870333,"0",37.4,2022/08/08 09:42:47,3.918
141.36888667,43.048675,"0",38.4,2022/08/08 09:42:48,3.885
141.3689,43.04864333,"0",38.6,2022/08/08 09:42:49,3.855
141.36891667,43.048615,"0",39.2,2022/08/08 09:42:50,3.771
141.36892667,43.04858833,"0",39.9,2022/08/08 09:42:51,3.715
141.36893667,43.04855667,"0",40.3,2022/08/08 09:42:52,3.679
141.36894833,43.04853167,"0",41.2,2022/08/08 09:42:53,3.652
141.36896,43.04849667,"0",41.9,2022/08/08 09:42:54,3.596
141.36896833,43.04847,"0",42.7,2022/08/08 09:42:55,3.569
141.36898167,43.04843333,"0",43,2022/08/08 09:42:56,3.541
141.36899667,43.0484,"0",43.8,2022/08/08 09:42:57,3.53
141.36900333,43.04836667,"0",44.5,2022/08/08 09:42:58,3.542
141.36900333,43.04832333,"0",44.1,2022/08/08 09:42:59,3.572
141.369005,43.04828,"0",43.6,2022/08/08 09:43:00,3.596
141.36901,43.04823667,"0",43.8,2022/08/08 09:43:01,3.649
141.36901667,43.04819167,"0",42.4,2022/08/08 09:43:02,3.67
141.36902833,43.04815167,"0",42.1,2022/08/08 09:43:03,3.705
141.36904,43.04811333,"0",41.8,2022/08/08 09:43:04,3.772
141.36905333,43.04807333,"0",41.5,2022/08/08 09:43:05,3.819
141.369065,43.048035,"0",41.2,2022/08/08 09:43:06,3.824
141.36907333,43.047995,"0",40.9,2022/08/08 09:43:07,3.835
141.369085,43.04795333,"0",40.4,2022/08/08 09:43:08,3.873
141.3691,43.04791833,"0",40.5,2022/08/08 09:43:09,3.882
141.36911167,43.04788167,"0",40.4,2022/08/08 09:43:10,3.897
141.36911,43.04784167,"0",39.9,2022/08/08 09:43:11,3.878
141.36911167,43.04780333,"0",39.9,2022/08/08 09:43:12,3.877
141.36911667,43.04776333,"0",39.7,2022/08/08 09:43:13,3.882
141.36912167,43.04772333,"0",39.2,2022/08/08 09:43:14,3.893
141.36913,43.04768333,"0",39.1,2022/08/08 09:43:15,3.931
141.36913167,43.04764167,"0",38.7,2022/08/08 09:43:16,3.976
141.36913667,43.04760167,"0",39,2022/08/08 09:43:17,4.011
141.36914,43.04756,"0",38.4,2022/08/08 09:43:18,4.05
141.36914667,43.04752,"0",37.8,2022/08/08 09:43:19,4.099
141.36915667,43.04748,"0",37.4,2022/08/08 09:43:20,4.145
141.369165,43.04744333,"0",37.8,2022/08/08 09:43:21,4.171
141.369175,43.04740167,"0",37.7,2022/08/08 09:43:22,4.239
141.36918833,43.04736167,"0",37.7,2022/08/08 09:43:23,4.294
141.36918667,43.047315,"0",38.1,2022/08/08 09:43:24,4.315
141.36919,43.04727,"0",38.3,2022/08/08 09:43:25,4.348
141.36919167,43.04722833,"0",38.7,2022/08/08 09:43:26,4.368
141.36919333,43.04718667,"0",38.9,2022/08/08 09:43:27,4.362
141.36919667,43.04714833,"0",39.1,2022/08/08 09:43:28,4.346
141.36919833,43.04711333,"0",39.3,2022/08/08 09:43:29,4.298
141.3692,43.04708333,"0",39.6,2022/08/08 09:43:30,4.198
141.369195,43.047045,"0",39.8,2022/08/08 09:43:31,4.163
141.36920667,43.04703,"0",40.7,2022/08/08 09:43:32,3.954
141.36923,43.04702333,"0",41.9,2022/08/08 09:43:33,3.73
141.36926,43.04702667,"0",42.2,2022/08/08 09:43:34,3.572
141.36929167,43.04702333,"0",42.9,2022/08/08 09:43:35,3.387
141.36932667,43.04702,"0",44,2022/08/08 09:43:36,3.276
141.36936667,43.04701667,"0",44.4,2022/08/08 09:43:37,3.207
141.369405,43.04701667,"0",45.1,2022/08/08 09:43:38,3.107
141.36944167,43.04701667,"0",45.8,2022/08/08 09:43:39,3.065
141.36948667,43.04701833,"0",46.4,2022/08/08 09:43:40,3.095
141.36952667,43.04701667,"0",47.2,2022/08/08 09:43:41,3.071
141.36956667,43.04702333,"0",48,2022/08/08 09:43:42,3.144
141.36961,43.04703833,"0",48.6,2022/08/08 09:43:43,3.289
141.36966,43.04705667,"0",49.5,2022/08/08 09:43:44,3.344
141.36971,43.04707333,"0",50.1,2022/08/08 09:43:45,3.446
141.36977,43.04708833,"0",50.6,2022/08/08 09:43:46,3.555
141.36982833,43.04710833,"0",51.3,2022/08/08 09:43:47,3.632
141.36988333,43.04712667,"0",51.9,2022/08/08 09:43:48,3.724
141.369935,43.04713667,"0",52.5,2022/08/08 09:43:49,3.82
141.36999833,43.04715333,"0",52.7,2022/08/08 09:43:50,3.932
141.370055,43.04716333,"0",52.9,2022/08/08 09:43:51,4.008
141.37011,43.04717,"0",52.7,2022/08/08 09:43:52,4.118
141.37016833,43.04717333,"0",52.8,2022/08/08 09:43:53,4.136
141.370225,43.04717833,"0",53.1,2022/08/08 09:43:54,4.22
141.37028167,43.04718,"0",53.2,2022/08/08 09:43:55,4.253
141.37033833,43.047185,"0",53.4,2022/08/08 09:43:56,4.243
141.37039167,43.04719,"0",53.4,2022/08/08 09:43:57,4.212
141.37043333,43.04719,"0",54,2022/08/08 09:43:58,4.124
141.37046,43.04717667,"0",54.5,2022/08/08 09:43:59,3.855
141.37047667,43.04717333,"0",54.5,2022/08/08 09:44:00,3.501
141.37049167,43.04716667,"0",54.6,2022/08/08 09:44:01,3.159
141.37049667,43.04715833,"0",54.7,2022/08/08 09:44:02,2.796
141.37050167,43.04715,"0",55,2022/08/08 09:44:03,2.45
141.37051,43.04714167,"0",55.1,2022/08/08 09:44:04,2.102
141.37051667,43.04713333,"0",55.3,2022/08/08 09:44:05,1.764
141.37053333,43.04713,"0",55.1,2022/08/08 09:44:06,1.463
141.37055667,43.047125,"0",55,2022/08/08 09:44:07,1.247
141.37058833,43.04711833,"0",54.6,2022/08/08 09:44:08,1.15
141.37061833,43.04711667,"0",54.3,2022/08/08 09:44:09,1.242
141.37065,43.047115,"0",54.1,2022/08/08 09:44:10,1.423
141.37070833,43.04709833,"0",51.7,2022/08/08 09:44:11,1.598
141.370755,43.04709667,"0",50.2,2022/08/08 09:44:12,1.809
141.37079333,43.04708667,"0",48.8,2022/08/08 09:44:13,2.006
141.37082667,43.04707,"0",47.9,2022/08/08 09:44:14,2.172
141.37085833,43.047065,"0",47.7,2022/08/08 09:44:15,2.32
141.37089667,43.04705833,"0",47,2022/08/08 09:44:16,2.36
141.37092333,43.04704333,"0",46.4,2022/08/08 09:44:17,2.35
141.370955,43.04703167,"0",46.1,2022/08/08 09:44:18,2.277
141.37098333,43.04701167,"0",46,2022/08/08 09:44:19,2.175
141.37100333,43.04698,"0",46.3,2022/08/08 09:44:20,2.112
141.37102,43.04693333,"0",46.8,2022/08/08 09:44:21,2.157
141.37103833,43.046885,"0",48.1,2022/08/08 09:44:22,2.216
141.37103833,43.04686,"0",48.6,2022/08/08 09:44:23,2.172
141.37105167,43.04684833,"0",49.6,2022/08/08 09:44:24,2.04
141.37105667,43.04681833,"0",50,2022/08/08 09:44:25,1.998
141.37106,43.04676833,"0",51.1,2022/08/08 09:44:26,2.144
141.37105333,43.046725,"0",51.5,2022/08/08 09:44:27,2.345
141.37104333,43.04669,"0",51.7,2022/08/08 09:44:28,2.513
141.37104167,43.04666833,"0",52.2,2022/08/08 09:44:29,2.556
141.371035,43.04664167,"0",52.7,2022/08/08 09:44:30,2.56
141.37101833,43.04658167,"0",52.4,2022/08/08 09:44:31,2.573
141.37102333,43.046535,"0",53.1,2022/08/08 09:44:32,2.582
141.37102,43.0465,"0",53.5,2022/08/08 09:44:33,2.713
141.37101833,43.04646667,"0",53.8,2022/08/08 09:44:34,2.925
141.37101,43.04643167,"0",54,2022/08/08 09:44:35,3.072
141.37099667,43.04639333,"0",54.2,2022/08/08 09:44:36,3.084
141.370995,43.04636167,"0",54.6,2022/08/08 09:44:37,3.024
141.37099333,43.04633333,"0",55.2,2022/08/08 09:44:38,2.975
141.370985,43.04630667,"0",55.7,2022/08/08 09:44:39,3.037
141.37098,43.04628,"0",56.2,2022/08/08 09:44:40,3.029
141.37097667,43.04626167,"0",56.9,2022/08/08 09:44:41,2.919
141.37098333,43.04623333,"0",59.4,2022/08/08 09:44:42,2.814
141.37098333,43.046215,"0",61.2,2022/08/08 09:44:43,2.676
141.37095,43.04618833,"0",62.1,2022/08/08 09:44:44,2.518
141.370945,43.04617333,"0",62.9,2022/08/08 09:44:45,2.4
141.37097333,43.04616833,"0",64.6,2022/08/08 09:44:46,2.301
141.370985,43.04614167,"0",63.7,2022/08/08 09:44:47,2.188
141.37099833,43.04611833,"0",62.2,2022/08/08 09:44:48,2.137
141.37101833,43.04610833,"0",61.9,2022/08/08 09:44:49,2.084
141.37102667,43.04609,"0",60.8,2022/08/08 09:44:50,2.026
141.371035,43.04607333,"0",60,2022/08/08 09:44:51,2.026
141.37105333,43.04606667,"0",59.5,2022/08/08 09:44:52,2.064
141.37106667,43.04605833,"0",59.4,2022/08/08 09:44:53,2.073
141.371075,43.04604167,"0",58.2,2022/08/08 09:44:54,2.105
141.371095,43.04604667,"0",58.3,2022/08/08 09:44:55,2.089
141.371115,43.04602333,"0",57.7,2022/08/08 09:44:56,2.012
141.37111833,43.04601,"0",56.9,2022/08/08 09:44:57,1.926
141.37112333,43.04602,"0",56.1,2022/08/08 09:44:58,1.773
141.371125,43.04603,"0",53.3,2022/08/08 09:44:59,1.636
141.37112,43.04601167,"0",52.1,2022/08/08 09:45:00,1.563
141.37111167,43.04599167,"0",51.8,2022/08/08 09:45:01,1.461
141.37110333,43.04598167,"0",51.3,2022/08/08 09:45:02,1.295
141.3711,43.04598,"0",50.7,2022/08/08 09:45:03,1.127
141.37110167,43.04599,"0",49.7,2022/08/08 09:45:04,0.943
141.37109833,43.04599167,"0",48.9,2022/08/08 09:45:05,0.765
141.37109833,43.04599167,"0",47.8,2022/08/08 09:45:06,0.614
141.37109833,43.04599,"0",46.8,2022/08/08 09:45:07,0.515
141.37109667,43.04599167,"0",47.5,2022/08/08 09:45:08,0.451
141.37109667,43.04599167,"0",47.1,2022/08/08 09:45:09,0.404
141.37109667,43.04599,"0",47.2,2022/08/08 09:45:10,0
141.37109667,43.04599,"0",47.1,2022/08/08 09:45:11,0
141.37109667,43.04599,"0",47.1,2022/08/08 09:45:12,0
141.37109667,43.04599,"0",47.1,2022/08/08 09:45:13,0
141.37109667,43.04599,"0",47.1,2022/08/08 09:45:14,0
141.37109667,43.04599,"0",47.1,2022/08/08 09:45:15,0
141.37109667,43.04599,"0",47.1,2022/08/08 09:45:16,0
141.37109667,43.04599,"0",47.1,2022/08/08 09:45:17,0
141.37109667,43.04599,"0",47.1,2022/08/08 09:45:18,0
141.37109667,43.04599,"0",47.1,2022/08/08 09:45:19,0
141.37109667,43.04599,"0",47.1,2022/08/08 09:45:20,0
141.37109667,43.04599,"0",47.1,2022/08/08 09:45:21,0
141.37109667,43.04599,"0",47.1,2022/08/08 09:45:22,0
141.37109667,43.04599,"0",47.1,2022/08/08 09:45:23,0
141.37109667,43.04599,"0",47.1,2022/08/08 09:45:24,0
141.37109667,43.04599,"0",47.1,2022/08/08 09:45:25,0
141.37109667,43.04599,"0",47.1,2022/08/08 09:45:26,0
141.37109667,43.04599,"0",47.1,2022/08/08 09:45:27,0
141.37109667,43.04599,"0",47.1,2022/08/08 09:45:28,0
141.37109667,43.04599,"0",47.1,2022/08/08 09:45:29,0
141.37109667,43.04599,"0",47.1,2022/08/08 09:45:30,0
141.37109667,43.04599,"0",47.1,2022/08/08 09:45:31,0
141.371055,43.04603,"0",44.8,2022/08/08 09:45:32,0.338
141.37106167,43.046035,"0",44.6,2022/08/08 09:45:33,0.38
141.37107333,43.046035,"0",44.2,2022/08/08 09:45:34,0.495
141.3711,43.04603833,"0",44,2022/08/08 09:45:35,0.681
141.37111833,43.04605167,"0",44,2022/08/08 09:45:36,0.858
141.37113833,43.04606833,"0",43.8,2022/08/08 09:45:37,1.103
141.37116833,43.04608333,"0",43.4,2022/08/08 09:45:38,1.42
141.37119833,43.04610667,"0",43.1,2022/08/08 09:45:39,1.777
141.37122667,43.04613667,"0",42.9,2022/08/08 09:45:40,0
141.37125667,43.04616,"0",43,2022/08/08 09:45:41,0
141.37128167,43.04618667,"0",42.7,2022/08/08 09:45:42,0
141.371305,43.04621333,"0",42.4,2022/08/08 09:45:43,2.902
141.37133667,43.04623167,"0",42.2,2022/08/08 09:45:44,3.035
141.37137167,43.04625167,"0",42.1,2022/08/08 09:45:45,3.099
141.37140333,43.04627333,"0",41.9,2022/08/08 09:45:46,3.174
141.37143,43.046295,"0",41.6,2022/08/08 09:45:47,3.189
141.37145833,43.04631667,"0",41.2,2022/08/08 09:45:48,3.127
141.37148833,43.04633667,"0",41.1,2022/08/08 09:45:49,3.017
141.37151667,43.04635667,"0",41.1,2022/08/08 09:45:50,2.871
141.37154667,43.04638667,"0",41.3,2022/08/08 09:45:51,2.791
141.37158333,43.04641,"0",41.4,2022/08/08 09:45:52,2.72
141.37162,43.04643167,"0",41.4,2022/08/08 09:45:53,2.651
141.37165333,43.04645333,"0",41.5,2022/08/08 09:45:54,2.614
141.37168667,43.04648833,"0",41.7,2022/08/08 09:45:55,2.618
141.37172,43.04651333,"0",41.9,2022/08/08 09:45:56,2.588
141.37174667,43.046545,"0",42.2,2022/08/08 09:45:57,2.592
141.371785,43.04657333,"0",42.9,2022/08/08 09:45:58,2.616
141.37181333,43.04660833,"0",44.6,2022/08/08 09:45:59,2.665
141.371845,43.04663667,"0",45.2,2022/08/08 09:46:00,2.76
141.37187667,43.04666167,"0",45.3,2022/08/08 09:46:01,2.851
141.37191167,43.04669167,"0",45.7,2022/08/08 09:46:02,3.011
141.37194333,43.04672,"0",45.9,2022/08/08 09:46:03,3.168
141.37198167,43.046755,"0",45.6,2022/08/08 09:46:04,3.355
141.37202333,43.04679,"0",45.2,2022/08/08 09:46:05,3.517
141.372065,43.046825,"0",44.6,2022/08/08 09:46:06,3.682
141.37210333,43.04685833,"0",44.4,2022/08/08 09:46:07,3.845
141.37214167,43.04689,"0",44,2022/08/08 09:46:08,3.952
141.37218333,43.04692167,"0",43.5,2022/08/08 09:46:09,4.083
141.37223167,43.04695333,"0",42.8,2022/08/08 09:46:10,4.194
141.372275,43.046985,"0",42.3,2022/08/08 09:46:11,4.255
141.37231833,43.04701667,"0",41.8,2022/08/08 09:46:12,4.257
141.37236333,43.047045,"0",41,2022/08/08 09:46:13,4.274
141.37239833,43.047075,"0",41.1,2022/08/08 09:46:14,4.281
141.372445,43.04709333,"0",40.9,2022/08/08 09:46:15,4.225
141.37248333,43.04711833,"0",40.7,2022/08/08 09:46:16,4.215
141.37252167,43.047145,"0",40.5,2022/08/08 09:46:17,4.184
141.37256,43.04717,"0",40.2,2022/08/08 09:46:18,4.18
141.37259,43.047205,"0",40.6,2022/08/08 09:46:19,4.172
141.37261833,43.04724333,"0",41.2,2022/08/08 09:46:20,4.173
141.372655,43.047275,"0",41.2,2022/08/08 09:46:21,4.175
141.37269333,43.04730167,"0",41.2,2022/08/08 09:46:22,4.17
141.37272333,43.04732833,"0",41.5,2022/08/08 09:46:23,4.094
141.37274833,43.04735,"0",41.5,2022/08/08 09:46:24,3.956
141.37277,43.04736833,"0",41.6,2022/08/08 09:46:25,3.796
141.37279167,43.04737333,"0",42.2,2022/08/08 09:46:26,3.483
141.37279333,43.04738167,"0",41.6,2022/08/08 09:46:27,3.161
141.37279,43.04739667,"0",41.2,2022/08/08 09:46:28,2.862
141.372775,43.04741333,"0",40.6,2022/08/08 09:46:29,2.615
141.37275167,43.04743167,"0",40,2022/08/08 09:46:30,2.361
141.37273,43.04744833,"0",39.8,2022/08/08 09:46:31,2.144
141.37271667,43.04747833,"0",40.3,2022/08/08 09:46:32,1.946
141.37269,43.047495,"0",40.1,2022/08/08 09:46:33,1.839
141.372665,43.047515,"0",39.3,2022/08/08 09:46:34,1.801
141.37264333,43.04753667,"0",38.7,2022/08/08 09:46:35,1.797
141.37262667,43.04755,"0",38.2,2022/08/08 09:46:36,1.879
141.37260667,43.047565,"0",38,2022/08/08 09:46:37,2.016
141.37258667,43.04758,"0",37.9,2022/08/08 09:46:38,2.097
141.37256333,43.047595,"0",37.4,2022/08/08 09:46:39,2.104
141.37253833,43.04761333,"0",36.9,2022/08/08 09:46:40,2.139
141.372515,43.04762167,"0",37,2022/08/08 09:46:41,2.132
141.37249833,43.047645,"0",37.1,2022/08/08 09:46:42,2.127
141.37247833,43.04766167,"0",36.9,2022/08/08 09:46:43,2.109
141.37245,43.04767667,"0",36.4,2022/08/08 09:46:44,2.14
141.37241667,43.04769,"0",35.8,2022/08/08 09:46:45,2.21
141.37238,43.04769833,"0",35.2,2022/08/08 09:46:46,2.35
141.37234333,43.04771,"0",34.4,2022/08/08 09:46:47,2.396
141.37231333,43.04772333,"0",34.1,2022/08/08 09:46:48,2.502
141.37227833,43.04774167,"0",33.3,2022/08/08 09:46:49,2.617
141.372245,43.047755,"0",32.9,2022/08/08 09:46:50,2.685
141.37221333,43.04776833,"0",32.6,2022/08/08 09:46:51,2.77
141.37218,43.04778,"0",32.2,2022/08/08 09:46:52,2.891
141.372145,43.047795,"0",31.4,2022/08/08 09:46:53,3.018
141.37211167,43.04780667,"0",30.9,2022/08/08 09:46:54,3.02
141.37208,43.04781833,"0",30.7,2022/08/08 09:46:55,3.004
141.37205167,43.04780833,"0",30.1,2022/08/08 09:46:56,2.907
141.37203,43.04781167,"0",30.7,2022/08/08 09:46:57,2.852
141.372,43.04781833,"0",30.3,2022/08/08 09:46:58,2.834
141.37196667,43.04783333,"0",30,2022/08/08 09:46:59,2.812
141.37194333,43.047855,"0",30.8,2022/08/08 09:47:00,2.811
141.37190833,43.04786833,"0",30.7,2022/08/08 09:47:01,2.845
141.37185333,43.0479,"0",30.5,2022/08/08 09:47:02,2.84
141.37181667,43.04792,"0",30.2,2022/08/08 09:47:03,2.845
141.371785,43.04794,"0",29.7,2022/08/08 09:47:04,2.867
141.371755,43.04796167,"0",29.5,2022/08/08 09:47:05,2.898
141.37172333,43.04798,"0",29.5,2022/08/08 09:47:06,2.988
141.37168667,43.04800333,"0",29.7,2022/08/08 09:47:07,3.107
141.37164833,43.04803333,"0",30.2,2022/08/08 09:47:08,3.207
141.37161,43.04806167,"0",30.1,2022/08/08 09:47:09,3.322
141.37156667,43.04809333,"0",30.1,2022/08/08 09:47:10,3.422
141.37152167,43.04812333,"0",30.6,2022/08/08 09:47:11,3.458
141.37148167,43.04815,"0",31,2022/08/08 09:47:12,3.492
141.371445,43.04817833,"0",31.5,2022/08/08 09:47:13,3.478
141.37140667,43.04820167,"0",32,2022/08/08 09:47:14,3.471
141.37137667,43.048225,"0",32.2,2022/08/08 09:47:15,3.407
141.37135167,43.048245,"0",32.3,2022/08/08 09:47:16,3.285
141.37131667,43.048295,"0",33.2,2022/08/08 09:47:17,3.121
141.371295,43.04831333,"0",33.6,2022/08/08 09:47:18,2.85
141.37128833,43.04832,"0",33.6,2022/08/08 09:47:19,2.476
141.371295,43.04832667,"0",33.1,2022/08/08 09:47:20,2.103
141.37129667,43.04833,"0",32.7,2022/08/08 09:47:21,1.758
141.37128833,43.04833833,"0",32.7,2022/08/08 09:47:22,1.441
141.37126833,43.04834667,"0",32,2022/08/08 09:47:23,1.306
141.37125333,43.04834333,"0",33,2022/08/08 09:47:24,1.221
141.37124167,43.04833333,"0",33.2,2022/08/08 09:47:25,1.171
141.37123333,43.04831667,"0",33.1,2022/08/08 09:47:26,1.194
141.37123333,43.04829167,"0",33.2,2022/08/08 09:47:27,1.349
141.37123333,43.04826333,"0",33.2,2022/08/08 09:47:28,1.601
141.37123,43.04823167,"0",33.2,2022/08/08 09:47:29,1.946
141.37122667,43.04819833,"0",33.1,2022/08/08 09:47:30,2.309
141.37122333,43.048165,"0",33.2,2022/08/08 09:47:31,2.66
141.37121833,43.04813333,"0",33.1,2022/08/08 09:47:32,2.978
141.37121167,43.04810167,"0",33.2,2022/08/08 09:47:33,3.133
141.37120833,43.04807833,"0",33.4,2022/08/08 09:47:34,3.178
141.371205,43.04805167,"0",33.5,2022/08/08 09:47:35,3.323
141.371195,43.04801833,"0",32.9,2022/08/08 09:47:36,3.49
141.37118667,43.04798167,"0",32.7,2022/08/08 09:47:37,3.554
141.37117333,43.04795,"0",32.7,2022/08/08 09:47:38,3.569
141.371165,43.04791833,"0",32.6,2022/08/08 09:47:39,3.523
141.37115833,43.04789,"0",32.6,2022/08/08 09:47:40,3.461
141.37114833,43.04786333,"0",32.5,2022/08/08 09:47:41,3.39
141.37114333,43.04783833,"0",32.6,2022/08/08 09:47:42,3.311
141.371135,43.04781167,"0",32.1,2022/08/08 09:47:43,3.279
141.37111833,43.047795,"0",31.9,2022/08/08 09:47:44,3.265
141.37109333,43.04778333,"0",31.9,2022/08/08 09:47:45,3.169
141.37107,43.047775,"0",32.1,2022/08/08 09:47:46,2.985
141.37104667,43.04776667,"0",32.1,2022/08/08 09:47:47,2.811
141.37102167,43.04776,"0",32,2022/08/08 09:47:48,2.655
141.37099833,43.04775333,"0",32,2022/08/08 09:47:49,2.526
141.37097667,43.04774833,"0",32.3,2022/08/08 09:47:50,2.437
141.37094667,43.047745,"0",32.5,2022/08/08 09:47:51,2.419
141.37091667,43.04774833,"0",32.7,2022/08/08 09:47:52,2.422
141.37087667,43.04775167,"0",32.8,2022/08/08 09:47:53,2.469
141.37082,43.04776167,"0",32.7,2022/08/08 09:47:54,2.562
141.37077667,43.047765,"0",32.7,2022/08/08 09:47:55,2.681
141.37074,43.04776667,"0",33,2022/08/08 09:47:56,2.764
141.37070167,43.04776333,"0",33.3,2022/08/08 09:47:57,2.879
141.37066,43.04777,"0",33.3,2022/08/08 09:47:58,2.949
141.370625,43.04777333,"0",33.5,2022/08/08 09:47:59,3.056
141.37059167,43.04778667,"0",33.9,2022/08/08 09:48:00,3.09
141.37056333,43.04779667,"0",34.4,2022/08/08 09:48:01,3.044
141.37053833,43.04780167,"0",34.8,2022/08/08 09:48:02,2.965
141.37053833,43.04778,"0",37.2,2022/08/08 09:48:03,2.705
141.37052333,43.04777833,"0",37.7,2022/08/08 09:48:04,2.526
141.37050333,43.04777833,"0",38.2,2022/08/08 09:48:05,2.316
141.37048833,43.04778,"0",39.1,2022/08/08 09:48:06,2.163
141.37048,43.04777833,"0",39.6,2022/08/08 09:48:07,1.919
141.37048,43.04778167,"0",40,2022/08/08 09:48:08,1.66
141.370475,43.047785,"0",40.1,2022/08/08 09:48:09,1.386
141.37047,43.04779167,"0",40.2,2022/08/08 09:48:10,1.148
141.370465,43.04779667,"0",40.4,2022/08/08 09:48:11,0.938
141.37046667,43.04779333,"0",40.4,2022/08/08 09:48:12,0.75
141.37046333,43.04779333,"0",40.6,2022/08/08 09:48:13,0.695
141.37046167,43.04779333,"0",40.7,2022/08/08 09:48:14,0
141.37045667,43.047795,"0",40.7,2022/08/08 09:48:15,0
141.37045333,43.04779667,"0",40.8,2022/08/08 09:48:16,0
141.37045167,43.04779833,"0",40.9,2022/08/08 09:48:17,0
141.37045333,43.04780833,"0",40.8,2022/08/08 09:48:18,0
141.370455,43.04781333,"0",40.8,2022/08/08 09:48:19,0
141.370455,43.047815,"0",40.8,2022/08/08 09:48:20,0
141.37045833,43.04782167,"0",40.8,2022/08/08 09:48:21,0
141.37046333,43.047825,"0",40.9,2022/08/08 09:48:22,0.415
141.37047333,43.04783167,"0",40.9,2022/08/08 09:48:23,0
141.37048167,43.04784,"0",40.9,2022/08/08 09:48:24,0.49
141.370485,43.047845,"0",41,2022/08/08 09:48:25,0
141.37048667,43.04783667,"0",41,2022/08/08 09:48:26,0.449
141.37049,43.04784,"0",41,2022/08/08 09:48:27,0
141.37048833,43.04783667,"0",41,2022/08/08 09:48:28,0
141.37048833,43.04783333,"0",41,2022/08/08 09:48:29,0
141.370485,43.04782333,"0",40.9,2022/08/08 09:48:30,0
141.37048833,43.04782333,"0",41.1,2022/08/08 09:48:31,0
141.37049,43.04782167,"0",41.3,2022/08/08 09:48:32,0
141.37049167,43.04782667,"0",41.5,2022/08/08 09:48:33,0
141.37049667,43.04783,"0",41.7,2022/08/08 09:48:34,0
141.37048833,43.04782833,"0",41.8,2022/08/08 09:48:35,0
141.37048833,43.04782833,"0",41.8,2022/08/08 09:48:36,0
